Model,Accuracy,AUC,Precision,Recall,F1,MCC
Logistic Regression,0.8449972360420122,0.9020241568400782,0.734375,0.5869759143621767,0.6524541398116014,0.5600624285510165
Decision Tree,0.8099502487562189,0.7470167828828205,0.615350683722982,0.6222123104371097,0.6187624750499002,0.4922071908326826
kNN,0.8386954118297402,0.8852011817738489,0.7006663249615582,0.6097234611953612,0.6520391128070594,0.5499520012821985
Naive Bayes,0.6193477059148701,0.8389274855520399,0.38765201122544435,0.9241748438893844,0.546197442994596,0.3890983281716955
Random Forest,0.8569375345494749,0.9134152390920571,0.7907975460122699,0.5749330954504906,0.6658057851239669,0.5895480822598455
XGBoost,0.8689883913764511,0.9258697656999987,0.7852131678359417,0.6489741302408564,0.7106227106227107,0.6316895855742707
